{
  "pkpage": 0.5315803289413452, 
  "scpage": 0.2641710042953491, 
  "awesome-lb-base": 0.765299916267395, 
  "fireaxe": 0.2534968852996826, 
  "apt-now": 0.3246924877166748, 
  "distro-manifest": 0.26981449127197266, 
  "hoarderMediaOS": 0.2796274423599243
}